Workbook

Sheet README
A1: HR Talent Acquisition & Onboarding Workflow: Working Model
A3: Purpose | B3: A working spreadsheet version of the Week 1 to 4 framework: ATS tracker, scorecards, onboarding tracker, SLA and pilot results, and a KPI dashboard. All formulas recalculate when you edit inputs.
A4: Data | B4: All names, emails and figures are dummy data from the simulated case (Northwind Services Pvt. Ltd.). Hire sample = Week 1 audit sample; pilot counts = Week 3 pilot.
A5: Legend | B5: Blue text = input you can edit. Black text = formula, do not overwrite. Yellow fill = setting that drives formulas (change it on the Settings sheet). Green/red = status flags.
A6: Candidates | B6: ATS tracker. Add a row per applicant (rows 5 to 44 are formula-ready). Stage and Source use dropdowns. Duplicate check flags repeated emails; acknowledgement SLA and screening result calculate automatically.
A7: Scorecard | B7: One row per interviewer scorecard. Enter ratings 1 to 5. Weighted score, feedback hours, SLA status, decision guide and debrief gap flag calculate automatically.
A8: Hires_Sample | B8: 10 past hires from the Week 1 audit. Gives the 45-day time-to-hire and 70% retention baselines.
A9: Onboarding | B9: Tracker for new hires: checklist, IT access, LMS modules, Day 10 reminder flag and completion %.
A10: Pilot_Results | B10: The 12 pilot metrics from Week 3. Pilot score = metrics at target divided by total (target 80%).
A11: KPI_Dashboard | B11: Live KPI view with status flags, pipeline funnel and charts. Pulls from all other sheets.
A12: Settings | B12: Thresholds (screening cut-off, 24-hour SLA, debrief gap) and the scorecard criteria weights.

Sheet KPI_Dashboard
A1: KPI Dashboard
A2: All values are formulas linked to the other sheets, except blue inputs. Status updates automatically.
A4: KPI | B4: Baseline | C4: Target | D4: Current | E4: Status | F4: Source
A5: Time-to-hire (days) | B5: =Hires_Sample!E16 -> 45 | C5: 25 | D5: 23 | E5: =IF(D5<=C5,"Met","Not met") -> Met | F5: Baseline: hires sample. Current: Week 2 dry run (input).
A6: 90-day retention | B6: =Hires_Sample!E17 -> 0.7 | C6: 0.9 | D6: Pending | E6: =IF(ISNUMBER(D6),IF(D6>=C6,"Met","Not met"),"Pending") -> Pending | F6: Needs first cohort to reach Day 90.
A7: Feedback turnaround, median hours | B7: 96 | C7: 24 | D7: =MEDIAN(Scorecard!N5:N40) -> 19 | E7: =IF(D7<=C7,"Met","Not met") -> Met | F7: Baseline = 4 days (midpoint of est. 3 to 5, assumption).
A8: Scorecards within SLA | B8: Not tracked | C8: 0.9 | D8: =COUNTIF(Scorecard!O5:O40,"On time")/COUNTA(Scorecard!B5:B40) -> 0.8 | E8: =IF(D8>=C8,"Met","Not met") -> Not met | F8: Scorecard sheet.
A9: Candidate satisfaction (CSAT) | B9: Not measured | C9: 0.85 | D9: =Pilot_Results!F16 -> 0.85 | E9: =IF(D9>=C9,"Met","Not met") -> Met | F9: Pilot survey, 20 responses.
A10: Onboarding LMS completion | B10: Not measured | C10: 1 | D10: =Onboarding!J16 -> 0.93333333 | E10: =IF(D10>=C10,"Met",IF(D10>=0.9,"On track","Behind")) -> On track | F10: Onboarding sheet; floor 90% before Day 14.
A11: Pilot performance score | B11: n/a | C11: 0.8 | D11: =Pilot_Results!F18 -> 0.83333333 | E11: =IF(D11>=C11,"Met","Not met") -> Met | F11: Pilot_Results sheet.
A12: Overall SLA compliance | B12: n/a | C12: 0.9 | D12: =Pilot_Results!F23 -> 0.90625 | E12: =IF(D12>=C12,"Met","Not met") -> Met | F12: Target 90% is a team goal (assumption).
A13: Duplicate applications flagged | B13: Not tracked | C13: n/a | D13: =COUNTIF(Candidates!N5:N44,"Duplicate") -> 4 | E13: =IF(D13>0,"Review","None") -> Review | F13: Candidates sheet.
A16: Pipeline funnel
A17: Stage | B17: Candidates
A18: Applied | B18: =COUNTIF(Candidates!$G$5:$G$44,A18) -> 4
A19: Screening | B19: =COUNTIF(Candidates!$G$5:$G$44,A19) -> 2
A20: Interview | B20: =COUNTIF(Candidates!$G$5:$G$44,A20) -> 2
A21: Decision | B21: =COUNTIF(Candidates!$G$5:$G$44,A21) -> 1
A22: Offer | B22: =COUNTIF(Candidates!$G$5:$G$44,A22) -> 1
A23: Hired | B23: =COUNTIF(Candidates!$G$5:$G$44,A23) -> 1
A24: Rejected | B24: =COUNTIF(Candidates!$G$5:$G$44,A24) -> 1
A25: Total | B25: =SUM(B18:B24) -> 12

Sheet Settings
A1: Settings
A2: Screening pass score (out of 100) | B2: 60
A3: Scorecard SLA (hours after interview) | B3: 24
A4: Acknowledgement SLA (hours) | B4: 24
A5: Debrief gap flag (rating points) | B5: 1.5
A6: Strong hire threshold (weighted score) | B6: 4
A7: Discuss threshold (weighted score) | B7: 3
A8: Screening SLA (working days) | B8: 3
A10: Scorecard criteria
A11: Criterion | B11: Role skills | C11: Problem solving | D11: Communication | E11: Values alignment | F11: Learning ability | G11: Total
A12: Weight | B12: 0.3 | C12: 0.2 | D12: 0.2 | E12: 0.15 | F12: 0.15 | G12: =SUM(B12:F12) -> 1 | H12: =IF(ROUND(G12,4)=1,"OK","Weights must total 100%") -> OK
A14: Source: thresholds and weights from Week 2 templates T-03 and T-04 and Week 3 SLA register.

Sheet Candidates
A1: Candidate Tracker (ATS)
A2: Blue = input. Add rows below the sample data (formulas are ready to row 44). Duplicate emails are flagged.
A4: Cand ID | B4: Name | C4: Email | D4: Role | E4: Req ID | F4: Source | G4: Stage | H4: Applied | I4: Acknowledged | J4: Ack hours | K4: Ack SLA | L4: Screen score | M4: Screening result | N4: Duplicate check | O4: Rejection reason
A5: CAN-001 | B5: Hamza Raza | C5: hamza.raza@example.com | D5: Customer Support Agent | E5: REQ-101 | F5: LinkedIn | G5: Interview | H5: 46307.375 | I5: 46307.5 | J5: =IF(OR(H5="",I5=""),"",ROUND((I5-H5)*24,1)) -> 3 | K5: =IF(J5="","",IF(J5<=Settings!$B$4,"On time","Late")) -> On time | L5: 78 | M5: =IF(L5="","",IF(L5>=Settings!$B$2,"Shortlist","Below cut-off")) -> Shortlist | N5: =IF(C5="","",IF(COUNTIF($C$5:$C$44,C5)>1,"Duplicate","OK")) -> Duplicate
A6: CAN-002 | B6: Zainab Ali | C6: zainab.ali@example.com | D6: Customer Support Agent | E6: REQ-101 | F6: Job board | G6: Screening | H6: 46308 | I6: 46308.208 | J6: =IF(OR(H6="",I6=""),"",ROUND((I6-H6)*24,1)) -> 5 | K6: =IF(J6="","",IF(J6<=Settings!$B$4,"On time","Late")) -> On time | L6: 66 | M6: =IF(L6="","",IF(L6>=Settings!$B$2,"Shortlist","Below cut-off")) -> Shortlist | N6: =IF(C6="","",IF(COUNTIF($C$5:$C$44,C6)>1,"Duplicate","OK")) -> OK
A7: CAN-003 | B7: Omar Farooq | C7: omar.farooq@example.com | D7: Customer Support Agent | E7: REQ-101 | F7: Referral | G7: Rejected | H7: 46308.625 | I7: 46308.708 | J7: =IF(OR(H7="",I7=""),"",ROUND((I7-H7)*24,1)) -> 2 | K7: =IF(J7="","",IF(J7<=Settings!$B$4,"On time","Late")) -> On time | L7: 48 | M7: =IF(L7="","",IF(L7>=Settings!$B$2,"Shortlist","Below cut-off")) -> Below cut-off | N7: =IF(C7="","",IF(COUNTIF($C$5:$C$44,C7)>1,"Duplicate","OK")) -> OK | O7: Below cut-off score
A8: CAN-004 | B8: Hina Shah | C8: hina.shah@example.com | D8: Customer Support Agent | E8: REQ-101 | F8: Email | G8: Screening | H8: 46309.875 | I8: 46310.792 | J8: =IF(OR(H8="",I8=""),"",ROUND((I8-H8)*24,1)) -> 22 | K8: =IF(J8="","",IF(J8<=Settings!$B$4,"On time","Late")) -> On time | L8: 71 | M8: =IF(L8="","",IF(L8>=Settings!$B$2,"Shortlist","Below cut-off")) -> Shortlist | N8: =IF(C8="","",IF(COUNTIF($C$5:$C$44,C8)>1,"Duplicate","OK")) -> Duplicate
A9: CAN-005 | B9: Daniyal Sheikh | C9: daniyal.sheikh@example.com | D9: Customer Support Agent | E9: REQ-101 | F9: Job board | G9: Applied | H9: 46310.625 | I9: 46310.792 | J9: =IF(OR(H9="",I9=""),"",ROUND((I9-H9)*24,1)) -> 4 | K9: =IF(J9="","",IF(J9<=Settings!$B$4,"On time","Late")) -> On time | M9: =IF(L9="","",IF(L9>=Settings!$B$2,"Shortlist","Below cut-off")) | N9: =IF(C9="","",IF(COUNTIF($C$5:$C$44,C9)>1,"Duplicate","OK")) -> OK
A10: CAN-006 | B10: Noor Fatima | C10: noor.fatima@example.com | D10: Customer Support Agent | E10: REQ-101 | F10: LinkedIn | G10: Applied | H10: 46311.125 | I10: 46312.375 | J10: =IF(OR(H10="",I10=""),"",ROUND((I10-H10)*24,1)) -> 30 | K10: =IF(J10="","",IF(J10<=Settings!$B$4,"On time","Late")) -> Late | M10: =IF(L10="","",IF(L10>=Settings!$B$2,"Shortlist","Below cut-off")) | N10: =IF(C10="","",IF(COUNTIF($C$5:$C$44,C10)>1,"Duplicate","OK")) -> OK
A11: CAN-007 | B11: Saad Mirza | C11: saad.mirza@example.com | D11: Marketing Executive | E11: REQ-102 | F11: LinkedIn | G11: Interview | H11: 46308.375 | I11: 46308.417 | J11: =IF(OR(H11="",I11=""),"",ROUND((I11-H11)*24,1)) -> 1 | K11: =IF(J11="","",IF(J11<=Settings!$B$4,"On time","Late")) -> On time | L11: 82 | M11: =IF(L11="","",IF(L11>=Settings!$B$2,"Shortlist","Below cut-off")) -> Shortlist | N11: =IF(C11="","",IF(COUNTIF($C$5:$C$44,C11)>1,"Duplicate","OK")) -> OK
A12: CAN-008 | B12: Rabia Anwar | C12: rabia.anwar@example.com | D12: Sales Associate | E12: REQ-103 | F12: Referral | G12: Offer | H12: 46308.875 | I12: 46309.125 | J12: =IF(OR(H12="",I12=""),"",ROUND((I12-H12)*24,1)) -> 6 | K12: =IF(J12="","",IF(J12<=Settings!$B$4,"On time","Late")) -> On time | L12: 90 | M12: =IF(L12="","",IF(L12>=Settings!$B$2,"Shortlist","Below cut-off")) -> Shortlist | N12: =IF(C12="","",IF(COUNTIF($C$5:$C$44,C12)>1,"Duplicate","OK")) -> OK
A13: CAN-009 | B13: Iqra Javed | C13: iqra.javed@example.com | D13: Marketing Executive | E13: REQ-102 | F13: Job board | G13: Hired | H13: 46309.25 | I13: 46309.75 | J13: =IF(OR(H13="",I13=""),"",ROUND((I13-H13)*24,1)) -> 12 | K13: =IF(J13="","",IF(J13<=Settings!$B$4,"On time","Late")) -> On time | L13: 85 | M13: =IF(L13="","",IF(L13>=Settings!$B$2,"Shortlist","Below cut-off")) -> Shortlist | N13: =IF(C13="","",IF(COUNTIF($C$5:$C$44,C13)>1,"Duplicate","OK")) -> OK
A14: CAN-010 | B14: Kamran Bhatti | C14: kamran.bhatti@example.com | D14: Sales Associate | E14: REQ-103 | F14: Email | G14: Decision | H14: 46309.625 | I14: 46309.708 | J14: =IF(OR(H14="",I14=""),"",ROUND((I14-H14)*24,1)) -> 2 | K14: =IF(J14="","",IF(J14<=Settings!$B$4,"On time","Late")) -> On time | L14: 74 | M14: =IF(L14="","",IF(L14>=Settings!$B$2,"Shortlist","Below cut-off")) -> Shortlist | N14: =IF(C14="","",IF(COUNTIF($C$5:$C$44,C14)>1,"Duplicate","OK")) -> OK
A15: CAN-011 | B15: Hamza Raza | C15: hamza.raza@example.com | D15: Customer Support Agent | E15: REQ-101 | F15: Job board | G15: Applied | H15: 46312.375 | I15: 46312.583 | J15: =IF(OR(H15="",I15=""),"",ROUND((I15-H15)*24,1)) -> 5 | K15: =IF(J15="","",IF(J15<=Settings!$B$4,"On time","Late")) -> On time | M15: =IF(L15="","",IF(L15>=Settings!$B$2,"Shortlist","Below cut-off")) | N15: =IF(C15="","",IF(COUNTIF($C$5:$C$44,C15)>1,"Duplicate","OK")) -> Duplicate
A16: CAN-012 | B16: Hina Shah | C16: hina.shah@example.com | D16: Customer Support Agent | E16: REQ-101 | F16: Email | G16: Applied | H16: 46312.875 | I16: 46313 | J16: =IF(OR(H16="",I16=""),"",ROUND((I16-H16)*24,1)) -> 3 | K16: =IF(J16="","",IF(J16<=Settings!$B$4,"On time","Late")) -> On time | M16: =IF(L16="","",IF(L16>=Settings!$B$2,"Shortlist","Below cut-off")) | N16: =IF(C16="","",IF(COUNTIF($C$5:$C$44,C16)>1,"Duplicate","OK")) -> Duplicate
J17: =IF(OR(H17="",I17=""),"",ROUND((I17-H17)*24,1)) | K17: =IF(J17="","",IF(J17<=Settings!$B$4,"On time","Late")) | M17: =IF(L17="","",IF(L17>=Settings!$B$2,"Shortlist","Below cut-off")) | N17: =IF(C17="","",IF(COUNTIF($C$5:$C$44,C17)>1,"Duplicate","OK"))
J18: =IF(OR(H18="",I18=""),"",ROUND((I18-H18)*24,1)) | K18: =IF(J18="","",IF(J18<=Settings!$B$4,"On time","Late")) | M18: =IF(L18="","",IF(L18>=Settings!$B$2,"Shortlist","Below cut-off")) | N18: =IF(C18="","",IF(COUNTIF($C$5:$C$44,C18)>1,"Duplicate","OK"))
J19: =IF(OR(H19="",I19=""),"",ROUND((I19-H19)*24,1)) | K19: =IF(J19="","",IF(J19<=Settings!$B$4,"On time","Late")) | M19: =IF(L19="","",IF(L19>=Settings!$B$2,"Shortlist","Below cut-off")) | N19: =IF(C19="","",IF(COUNTIF($C$5:$C$44,C19)>1,"Duplicate","OK"))
J20: =IF(OR(H20="",I20=""),"",ROUND((I20-H20)*24,1)) | K20: =IF(J20="","",IF(J20<=Settings!$B$4,"On time","Late")) | M20: =IF(L20="","",IF(L20>=Settings!$B$2,"Shortlist","Below cut-off")) | N20: =IF(C20="","",IF(COUNTIF($C$5:$C$44,C20)>1,"Duplicate","OK"))
J21: =IF(OR(H21="",I21=""),"",ROUND((I21-H21)*24,1)) | K21: =IF(J21="","",IF(J21<=Settings!$B$4,"On time","Late")) | M21: =IF(L21="","",IF(L21>=Settings!$B$2,"Shortlist","Below cut-off")) | N21: =IF(C21="","",IF(COUNTIF($C$5:$C$44,C21)>1,"Duplicate","OK"))
J22: =IF(OR(H22="",I22=""),"",ROUND((I22-H22)*24,1)) | K22: =IF(J22="","",IF(J22<=Settings!$B$4,"On time","Late")) | M22: =IF(L22="","",IF(L22>=Settings!$B$2,"Shortlist","Below cut-off")) | N22: =IF(C22="","",IF(COUNTIF($C$5:$C$44,C22)>1,"Duplicate","OK"))
J23: =IF(OR(H23="",I23=""),"",ROUND((I23-H23)*24,1)) | K23: =IF(J23="","",IF(J23<=Settings!$B$4,"On time","Late")) | M23: =IF(L23="","",IF(L23>=Settings!$B$2,"Shortlist","Below cut-off")) | N23: =IF(C23="","",IF(COUNTIF($C$5:$C$44,C23)>1,"Duplicate","OK"))
J24: =IF(OR(H24="",I24=""),"",ROUND((I24-H24)*24,1)) | K24: =IF(J24="","",IF(J24<=Settings!$B$4,"On time","Late")) | M24: =IF(L24="","",IF(L24>=Settings!$B$2,"Shortlist","Below cut-off")) | N24: =IF(C24="","",IF(COUNTIF($C$5:$C$44,C24)>1,"Duplicate","OK"))
J25: =IF(OR(H25="",I25=""),"",ROUND((I25-H25)*24,1)) | K25: =IF(J25="","",IF(J25<=Settings!$B$4,"On time","Late")) | M25: =IF(L25="","",IF(L25>=Settings!$B$2,"Shortlist","Below cut-off")) | N25: =IF(C25="","",IF(COUNTIF($C$5:$C$44,C25)>1,"Duplicate","OK"))
J26: =IF(OR(H26="",I26=""),"",ROUND((I26-H26)*24,1)) | K26: =IF(J26="","",IF(J26<=Settings!$B$4,"On time","Late")) | M26: =IF(L26="","",IF(L26>=Settings!$B$2,"Shortlist","Below cut-off")) | N26: =IF(C26="","",IF(COUNTIF($C$5:$C$44,C26)>1,"Duplicate","OK"))
J27: =IF(OR(H27="",I27=""),"",ROUND((I27-H27)*24,1)) | K27: =IF(J27="","",IF(J27<=Settings!$B$4,"On time","Late")) | M27: =IF(L27="","",IF(L27>=Settings!$B$2,"Shortlist","Below cut-off")) | N27: =IF(C27="","",IF(COUNTIF($C$5:$C$44,C27)>1,"Duplicate","OK"))
J28: =IF(OR(H28="",I28=""),"",ROUND((I28-H28)*24,1)) | K28: =IF(J28="","",IF(J28<=Settings!$B$4,"On time","Late")) | M28: =IF(L28="","",IF(L28>=Settings!$B$2,"Shortlist","Below cut-off")) | N28: =IF(C28="","",IF(COUNTIF($C$5:$C$44,C28)>1,"Duplicate","OK"))
... J44: =IF(OR(H44="",I44=""),"",ROUND((I44-H44)*24,1)) | K44: =IF(J44="","",IF(J44<=Settings!$B$4,"On time","Late")) | M44: =IF(L44="","",IF(L44>=Settings!$B$2,"Shortlist","Below cut-off")) | N44: =IF(C44="","",IF(COUNTIF($C$5:$C$44,C44)>1,"Duplicate","OK"))

Sheet Scorecard
A1: Interview Scorecards
A2: Ratings 1 to 5 (1 = does not meet, 3 = meets, 5 = outstanding). Weights and thresholds come from Settings.
A4: Interview ID | B4: Cand ID | C4: Candidate | D4: Interviewer | E4: Interview end | F4: Scorecard submitted | G4: Role skills | H4: Problem solving | I4: Communication | J4: Values alignment | K4: Learning ability | L4: Evidence on every criterion | M4: Weighted score | N4: Feedback hours | O4: Feedback SLA | P4: Decision guide | Q4: Rating gap (same candidate) | R4: Debrief flag
A5: INT-001 | B5: CAN-007 | C5: =IF(B5="","",IFERROR(INDEX(Candidates!$B$5:$B$44,MATCH(B5,Candidates!$A$5:$A$44,0)),"Not found")) -> Saad Mirza | D5: Sara Malik | E5: 46315.417 | F5: 46315.583 | G5: 4 | H5: 4 | I5: 5 | J5: 4 | K5: 4 | L5: Yes | M5: =IF(COUNT(G5:K5)=0,"",SUMPRODUCT(G5:K5,Settings!$B$12:$F$12)/SUMPRODUCT((G5:K5<>"")*Settings!$B$12:$F$12)) -> 4.2 | N5: =IF(OR(E5="",F5=""),"",ROUND((F5-E5)*24,1)) -> 4 | O5: =IF(N5="","",IF(N5<=Settings!$B$3,"On time","Late")) -> On time | P5: =IF(M5="","",IF(M5>=Settings!$B$6,"Strong hire",IF(M5>=Settings!$B$7,"Discuss at debrief","Do not proceed"))) -> Strong hire | Q5: =IF(M5="","",_xlfn.MAXIFS($M$5:$M$40,$B$5:$B$40,B5)-_xlfn.MINIFS($M$5:$M$40,$B$5:$B$40,B5)) -> 0.05 | R5: =IF(Q5="","",IF(Q5>Settings!$B$5,"Debrief gap","OK")) -> OK
A6: INT-002 | B6: CAN-007 | C6: =IF(B6="","",IFERROR(INDEX(Candidates!$B$5:$B$44,MATCH(B6,Candidates!$A$5:$A$44,0)),"Not found")) -> Saad Mirza | D6: Usman Tariq | E6: 46315.625 | F6: 46316.375 | G6: 4 | H6: 4 | I6: 4 | J6: 5 | K6: 4 | L6: Yes | M6: =IF(COUNT(G6:K6)=0,"",SUMPRODUCT(G6:K6,Settings!$B$12:$F$12)/SUMPRODUCT((G6:K6<>"")*Settings!$B$12:$F$12)) -> 4.15 | N6: =IF(OR(E6="",F6=""),"",ROUND((F6-E6)*24,1)) -> 18 | O6: =IF(N6="","",IF(N6<=Settings!$B$3,"On time","Late")) -> On time | P6: =IF(M6="","",IF(M6>=Settings!$B$6,"Strong hire",IF(M6>=Settings!$B$7,"Discuss at debrief","Do not proceed"))) -> Strong hire | Q6: =IF(M6="","",_xlfn.MAXIFS($M$5:$M$40,$B$5:$B$40,B6)-_xlfn.MINIFS($M$5:$M$40,$B$5:$B$40,B6)) -> 0.05 | R6: =IF(Q6="","",IF(Q6>Settings!$B$5,"Debrief gap","OK")) -> OK
A7: INT-003 | B7: CAN-009 | C7: =IF(B7="","",IFERROR(INDEX(Candidates!$B$5:$B$44,MATCH(B7,Candidates!$A$5:$A$44,0)),"Not found")) -> Iqra Javed | D7: Bilal Ahmed | E7: 46315.833 | F7: 46316.75 | G7: 5 | H7: 4 | I7: 4 | J7: 4 | K7: 5 | L7: Yes | M7: =IF(COUNT(G7:K7)=0,"",SUMPRODUCT(G7:K7,Settings!$B$12:$F$12)/SUMPRODUCT((G7:K7<>"")*Settings!$B$12:$F$12)) -> 4.45 | N7: =IF(OR(E7="",F7=""),"",ROUND((F7-E7)*24,1)) -> 22 | O7: =IF(N7="","",IF(N7<=Settings!$B$3,"On time","Late")) -> On time | P7: =IF(M7="","",IF(M7>=Settings!$B$6,"Strong hire",IF(M7>=Settings!$B$7,"Discuss at debrief","Do not proceed"))) -> Strong hire | Q7: =IF(M7="","",_xlfn.MAXIFS($M$5:$M$40,$B$5:$B$40,B7)-_xlfn.MINIFS($M$5:$M$40,$B$5:$B$40,B7)) -> 0.25 | R7: =IF(Q7="","",IF(Q7>Settings!$B$5,"Debrief gap","OK")) -> OK
A8: INT-004 | B8: CAN-009 | C8: =IF(B8="","",IFERROR(INDEX(Candidates!$B$5:$B$44,MATCH(B8,Candidates!$A$5:$A$44,0)),"Not found")) -> Iqra Javed | D8: Ayesha Khan | E8: 46316.042 | F8: 46316.292 | G8: 4 | H8: 5 | I8: 4 | J8: 4 | K8: 4 | L8: Yes | M8: =IF(COUNT(G8:K8)=0,"",SUMPRODUCT(G8:K8,Settings!$B$12:$F$12)/SUMPRODUCT((G8:K8<>"")*Settings!$B$12:$F$12)) -> 4.2 | N8: =IF(OR(E8="",F8=""),"",ROUND((F8-E8)*24,1)) -> 6 | O8: =IF(N8="","",IF(N8<=Settings!$B$3,"On time","Late")) -> On time | P8: =IF(M8="","",IF(M8>=Settings!$B$6,"Strong hire",IF(M8>=Settings!$B$7,"Discuss at debrief","Do not proceed"))) -> Strong hire | Q8: =IF(M8="","",_xlfn.MAXIFS($M$5:$M$40,$B$5:$B$40,B8)-_xlfn.MINIFS($M$5:$M$40,$B$5:$B$40,B8)) -> 0.25 | R8: =IF(Q8="","",IF(Q8>Settings!$B$5,"Debrief gap","OK")) -> OK
A9: INT-005 | B9: CAN-001 | C9: =IF(B9="","",IFERROR(INDEX(Candidates!$B$5:$B$44,MATCH(B9,Candidates!$A$5:$A$44,0)),"Not found")) -> Hamza Raza | D9: Sara Malik | E9: 46316.25 | F9: 46317.458 | G9: 3 | H9: 3 | I9: 4 | J9: 4 | K9: 3 | L9: No | M9: =IF(COUNT(G9:K9)=0,"",SUMPRODUCT(G9:K9,Settings!$B$12:$F$12)/SUMPRODUCT((G9:K9<>"")*Settings!$B$12:$F$12)) -> 3.35 | N9: =IF(OR(E9="",F9=""),"",ROUND((F9-E9)*24,1)) -> 29 | O9: =IF(N9="","",IF(N9<=Settings!$B$3,"On time","Late")) -> Late | P9: =IF(M9="","",IF(M9>=Settings!$B$6,"Strong hire",IF(M9>=Settings!$B$7,"Discuss at debrief","Do not proceed"))) -> Discuss at debrief | Q9: =IF(M9="","",_xlfn.MAXIFS($M$5:$M$40,$B$5:$B$40,B9)-_xlfn.MINIFS($M$5:$M$40,$B$5:$B$40,B9)) -> 0.25 | R9: =IF(Q9="","",IF(Q9>Settings!$B$5,"Debrief gap","OK")) -> OK
A10: INT-006 | B10: CAN-001 | C10: =IF(B10="","",IFERROR(INDEX(Candidates!$B$5:$B$44,MATCH(B10,Candidates!$A$5:$A$44,0)),"Not found")) -> Hamza Raza | D10: Usman Tariq | E10: 46316.458 | F10: 46317.292 | G10: 4 | H10: 3 | I10: 3 | J10: 4 | K10: 4 | L10: Yes | M10: =IF(COUNT(G10:K10)=0,"",SUMPRODUCT(G10:K10,Settings!$B$12:$F$12)/SUMPRODUCT((G10:K10<>"")*Settings!$B$12:$F$12)) -> 3.6 | N10: =IF(OR(E10="",F10=""),"",ROUND((F10-E10)*24,1)) -> 20 | O10: =IF(N10="","",IF(N10<=Settings!$B$3,"On time","Late")) -> On time | P10: =IF(M10="","",IF(M10>=Settings!$B$6,"Strong hire",IF(M10>=Settings!$B$7,"Discuss at debrief","Do not proceed"))) -> Discuss at debrief | Q10: =IF(M10="","",_xlfn.MAXIFS($M$5:$M$40,$B$5:$B$40,B10)-_xlfn.MINIFS($M$5:$M$40,$B$5:$B$40,B10)) -> 0.25 | R10: =IF(Q10="","",IF(Q10>Settings!$B$5,"Debrief gap","OK")) -> OK
A11: INT-007 | B11: CAN-010 | C11: =IF(B11="","",IFERROR(INDEX(Candidates!$B$5:$B$44,MATCH(B11,Candidates!$A$5:$A$44,0)),"Not found")) -> Kamran Bhatti | D11: Bilal Ahmed | E11: 46316.667 | F11: 46317.167 | G11: 4 | H11: 4 | I11: 4 | J11: 3 | K11: 4 | L11: Yes | M11: =IF(COUNT(G11:K11)=0,"",SUMPRODUCT(G11:K11,Settings!$B$12:$F$12)/SUMPRODUCT((G11:K11<>"")*Settings!$B$12:$F$12)) -> 3.85 | N11: =IF(OR(E11="",F11=""),"",ROUND((F11-E11)*24,1)) -> 12 | O11: =IF(N11="","",IF(N11<=Settings!$B$3,"On time","Late")) -> On time | P11: =IF(M11="","",IF(M11>=Settings!$B$6,"Strong hire",IF(M11>=Settings!$B$7,"Discuss at debrief","Do not proceed"))) -> Discuss at debrief | Q11: =IF(M11="","",_xlfn.MAXIFS($M$5:$M$40,$B$5:$B$40,B11)-_xlfn.MINIFS($M$5:$M$40,$B$5:$B$40,B11)) -> 0.7 | R11: =IF(Q11="","",IF(Q11>Settings!$B$5,"Debrief gap","OK")) -> OK
A12: INT-008 | B12: CAN-010 | C12: =IF(B12="","",IFERROR(INDEX(Candidates!$B$5:$B$44,MATCH(B12,Candidates!$A$5:$A$44,0)),"Not found")) -> Kamran Bhatti | D12: Ayesha Khan | E12: 46316.875 | F12: 46318.167 | G12: 3 | H12: 3 | I12: 3 | J12: 4 | K12: 3 | L12: Yes | M12: =IF(COUNT(G12:K12)=0,"",SUMPRODUCT(G12:K12,Settings!$B$12:$F$12)/SUMPRODUCT((G12:K12<>"")*Settings!$B$12:$F$12)) -> 3.15 | N12: =IF(OR(E12="",F12=""),"",ROUND((F12-E12)*24,1)) -> 31 | O12: =IF(N12="","",IF(N12<=Settings!$B$3,"On time","Late")) -> Late | P12: =IF(M12="","",IF(M12>=Settings!$B$6,"Strong hire",IF(M12>=Settings!$B$7,"Discuss at debrief","Do not proceed"))) -> Discuss at debrief | Q12: =IF(M12="","",_xlfn.MAXIFS($M$5:$M$40,$B$5:$B$40,B12)-_xlfn.MINIFS($M$5:$M$40,$B$5:$B$40,B12)) -> 0.7 | R12: =IF(Q12="","",IF(Q12>Settings!$B$5,"Debrief gap","OK")) -> OK
A13: INT-009 | B13: CAN-008 | C13: =IF(B13="","",IFERROR(INDEX(Candidates!$B$5:$B$44,MATCH(B13,Candidates!$A$5:$A$44,0)),"Not found")) -> Rabia Anwar | D13: Sara Malik | E13: 46317.083 | F13: 46317.708 | G13: 5 | H13: 5 | I13: 4 | J13: 5 | K13: 4 | L13: Yes | M13: =IF(COUNT(G13:K13)=0,"",SUMPRODUCT(G13:K13,Settings!$B$12:$F$12)/SUMPRODUCT((G13:K13<>"")*Settings!$B$12:$F$12)) -> 4.65 | N13: =IF(OR(E13="",F13=""),"",ROUND((F13-E13)*24,1)) -> 15 | O13: =IF(N13="","",IF(N13<=Settings!$B$3,"On time","Late")) -> On time | P13: =IF(M13="","",IF(M13>=Settings!$B$6,"Strong hire",IF(M13>=Settings!$B$7,"Discuss at debrief","Do not proceed"))) -> Strong hire | Q13: =IF(M13="","",_xlfn.MAXIFS($M$5:$M$40,$B$5:$B$40,B13)-_xlfn.MINIFS($M$5:$M$40,$B$5:$B$40,B13)) -> 0.1 | R13: =IF(Q13="","",IF(Q13>Settings!$B$5,"Debrief gap","OK")) -> OK
A14: INT-010 | B14: CAN-008 | C14: =IF(B14="","",IFERROR(INDEX(Candidates!$B$5:$B$44,MATCH(B14,Candidates!$A$5:$A$44,0)),"Not found")) -> Rabia Anwar | D14: Usman Tariq | E14: 46317.292 | F14: 46318.25 | G14: 4 | H14: 5 | I14: 5 | J14: 4 | K14: 5 | L14: Yes | M14: =IF(COUNT(G14:K14)=0,"",SUMPRODUCT(G14:K14,Settings!$B$12:$F$12)/SUMPRODUCT((G14:K14<>"")*Settings!$B$12:$F$12)) -> 4.55 | N14: =IF(OR(E14="",F14=""),"",ROUND((F14-E14)*24,1)) -> 23 | O14: =IF(N14="","",IF(N14<=Settings!$B$3,"On time","Late")) -> On time | P14: =IF(M14="","",IF(M14>=Settings!$B$6,"Strong hire",IF(M14>=Settings!$B$7,"Discuss at debrief","Do not proceed"))) -> Strong hire | Q14: =IF(M14="","",_xlfn.MAXIFS($M$5:$M$40,$B$5:$B$40,B14)-_xlfn.MINIFS($M$5:$M$40,$B$5:$B$40,B14)) -> 0.1 | R14: =IF(Q14="","",IF(Q14>Settings!$B$5,"Debrief gap","OK")) -> OK
C15: =IF(B15="","",IFERROR(INDEX(Candidates!$B$5:$B$44,MATCH(B15,Candidates!$A$5:$A$44,0)),"Not found")) | M15: =IF(COUNT(G15:K15)=0,"",SUMPRODUCT(G15:K15,Settings!$B$12:$F$12)/SUMPRODUCT((G15:K15<>"")*Settings!$B$12:$F$12)) | N15: =IF(OR(E15="",F15=""),"",ROUND((F15-E15)*24,1)) | O15: =IF(N15="","",IF(N15<=Settings!$B$3,"On time","Late")) | P15: =IF(M15="","",IF(M15>=Settings!$B$6,"Strong hire",IF(M15>=Settings!$B$7,"Discuss at debrief","Do not proceed"))) | Q15: =IF(M15="","",_xlfn.MAXIFS($M$5:$M$40,$B$5:$B$40,B15)-_xlfn.MINIFS($M$5:$M$40,$B$5:$B$40,B15)) | R15: =IF(Q15="","",IF(Q15>Settings!$B$5,"Debrief gap","OK"))
C16: =IF(B16="","",IFERROR(INDEX(Candidates!$B$5:$B$44,MATCH(B16,Candidates!$A$5:$A$44,0)),"Not found")) | M16: =IF(COUNT(G16:K16)=0,"",SUMPRODUCT(G16:K16,Settings!$B$12:$F$12)/SUMPRODUCT((G16:K16<>"")*Settings!$B$12:$F$12)) | N16: =IF(OR(E16="",F16=""),"",ROUND((F16-E16)*24,1)) | O16: =IF(N16="","",IF(N16<=Settings!$B$3,"On time","Late")) | P16: =IF(M16="","",IF(M16>=Settings!$B$6,"Strong hire",IF(M16>=Settings!$B$7,"Discuss at debrief","Do not proceed"))) | Q16: =IF(M16="","",_xlfn.MAXIFS($M$5:$M$40,$B$5:$B$40,B16)-_xlfn.MINIFS($M$5:$M$40,$B$5:$B$40,B16)) | R16: =IF(Q16="","",IF(Q16>Settings!$B$5,"Debrief gap","OK"))
C17: =IF(B17="","",IFERROR(INDEX(Candidates!$B$5:$B$44,MATCH(B17,Candidates!$A$5:$A$44,0)),"Not found")) | M17: =IF(COUNT(G17:K17)=0,"",SUMPRODUCT(G17:K17,Settings!$B$12:$F$12)/SUMPRODUCT((G17:K17<>"")*Settings!$B$12:$F$12)) | N17: =IF(OR(E17="",F17=""),"",ROUND((F17-E17)*24,1)) | O17: =IF(N17="","",IF(N17<=Settings!$B$3,"On time","Late")) | P17: =IF(M17="","",IF(M17>=Settings!$B$6,"Strong hire",IF(M17>=Settings!$B$7,"Discuss at debrief","Do not proceed"))) | Q17: =IF(M17="","",_xlfn.MAXIFS($M$5:$M$40,$B$5:$B$40,B17)-_xlfn.MINIFS($M$5:$M$40,$B$5:$B$40,B17)) | R17: =IF(Q17="","",IF(Q17>Settings!$B$5,"Debrief gap","OK"))
C18: =IF(B18="","",IFERROR(INDEX(Candidates!$B$5:$B$44,MATCH(B18,Candidates!$A$5:$A$44,0)),"Not found")) | M18: =IF(COUNT(G18:K18)=0,"",SUMPRODUCT(G18:K18,Settings!$B$12:$F$12)/SUMPRODUCT((G18:K18<>"")*Settings!$B$12:$F$12)) | N18: =IF(OR(E18="",F18=""),"",ROUND((F18-E18)*24,1)) | O18: =IF(N18="","",IF(N18<=Settings!$B$3,"On time","Late")) | P18: =IF(M18="","",IF(M18>=Settings!$B$6,"Strong hire",IF(M18>=Settings!$B$7,"Discuss at debrief","Do not proceed"))) | Q18: =IF(M18="","",_xlfn.MAXIFS($M$5:$M$40,$B$5:$B$40,B18)-_xlfn.MINIFS($M$5:$M$40,$B$5:$B$40,B18)) | R18: =IF(Q18="","",IF(Q18>Settings!$B$5,"Debrief gap","OK"))
C19: =IF(B19="","",IFERROR(INDEX(Candidates!$B$5:$B$44,MATCH(B19,Candidates!$A$5:$A$44,0)),"Not found")) | M19: =IF(COUNT(G19:K19)=0,"",SUMPRODUCT(G19:K19,Settings!$B$12:$F$12)/SUMPRODUCT((G19:K19<>"")*Settings!$B$12:$F$12)) | N19: =IF(OR(E19="",F19=""),"",ROUND((F19-E19)*24,1)) | O19: =IF(N19="","",IF(N19<=Settings!$B$3,"On time","Late")) | P19: =IF(M19="","",IF(M19>=Settings!$B$6,"Strong hire",IF(M19>=Settings!$B$7,"Discuss at debrief","Do not proceed"))) | Q19: =IF(M19="","",_xlfn.MAXIFS($M$5:$M$40,$B$5:$B$40,B19)-_xlfn.MINIFS($M$5:$M$40,$B$5:$B$40,B19)) | R19: =IF(Q19="","",IF(Q19>Settings!$B$5,"Debrief gap","OK"))
C20: =IF(B20="","",IFERROR(INDEX(Candidates!$B$5:$B$44,MATCH(B20,Candidates!$A$5:$A$44,0)),"Not found")) | M20: =IF(COUNT(G20:K20)=0,"",SUMPRODUCT(G20:K20,Settings!$B$12:$F$12)/SUMPRODUCT((G20:K20<>"")*Settings!$B$12:$F$12)) | N20: =IF(OR(E20="",F20=""),"",ROUND((F20-E20)*24,1)) | O20: =IF(N20="","",IF(N20<=Settings!$B$3,"On time","Late")) | P20: =IF(M20="","",IF(M20>=Settings!$B$6,"Strong hire",IF(M20>=Settings!$B$7,"Discuss at debrief","Do not proceed"))) | Q20: =IF(M20="","",_xlfn.MAXIFS($M$5:$M$40,$B$5:$B$40,B20)-_xlfn.MINIFS($M$5:$M$40,$B$5:$B$40,B20)) | R20: =IF(Q20="","",IF(Q20>Settings!$B$5,"Debrief gap","OK"))
C21: =IF(B21="","",IFERROR(INDEX(Candidates!$B$5:$B$44,MATCH(B21,Candidates!$A$5:$A$44,0)),"Not found")) | M21: =IF(COUNT(G21:K21)=0,"",SUMPRODUCT(G21:K21,Settings!$B$12:$F$12)/SUMPRODUCT((G21:K21<>"")*Settings!$B$12:$F$12)) | N21: =IF(OR(E21="",F21=""),"",ROUND((F21-E21)*24,1)) | O21: =IF(N21="","",IF(N21<=Settings!$B$3,"On time","Late")) | P21: =IF(M21="","",IF(M21>=Settings!$B$6,"Strong hire",IF(M21>=Settings!$B$7,"Discuss at debrief","Do not proceed"))) | Q21: =IF(M21="","",_xlfn.MAXIFS($M$5:$M$40,$B$5:$B$40,B21)-_xlfn.MINIFS($M$5:$M$40,$B$5:$B$40,B21)) | R21: =IF(Q21="","",IF(Q21>Settings!$B$5,"Debrief gap","OK"))
C22: =IF(B22="","",IFERROR(INDEX(Candidates!$B$5:$B$44,MATCH(B22,Candidates!$A$5:$A$44,0)),"Not found")) | M22: =IF(COUNT(G22:K22)=0,"",SUMPRODUCT(G22:K22,Settings!$B$12:$F$12)/SUMPRODUCT((G22:K22<>"")*Settings!$B$12:$F$12)) | N22: =IF(OR(E22="",F22=""),"",ROUND((F22-E22)*24,1)) | O22: =IF(N22="","",IF(N22<=Settings!$B$3,"On time","Late")) | P22: =IF(M22="","",IF(M22>=Settings!$B$6,"Strong hire",IF(M22>=Settings!$B$7,"Discuss at debrief","Do not proceed"))) | Q22: =IF(M22="","",_xlfn.MAXIFS($M$5:$M$40,$B$5:$B$40,B22)-_xlfn.MINIFS($M$5:$M$40,$B$5:$B$40,B22)) | R22: =IF(Q22="","",IF(Q22>Settings!$B$5,"Debrief gap","OK"))
C23: =IF(B23="","",IFERROR(INDEX(Candidates!$B$5:$B$44,MATCH(B23,Candidates!$A$5:$A$44,0)),"Not found")) | M23: =IF(COUNT(G23:K23)=0,"",SUMPRODUCT(G23:K23,Settings!$B$12:$F$12)/SUMPRODUCT((G23:K23<>"")*Settings!$B$12:$F$12)) | N23: =IF(OR(E23="",F23=""),"",ROUND((F23-E23)*24,1)) | O23: =IF(N23="","",IF(N23<=Settings!$B$3,"On time","Late")) | P23: =IF(M23="","",IF(M23>=Settings!$B$6,"Strong hire",IF(M23>=Settings!$B$7,"Discuss at debrief","Do not proceed"))) | Q23: =IF(M23="","",_xlfn.MAXIFS($M$5:$M$40,$B$5:$B$40,B23)-_xlfn.MINIFS($M$5:$M$40,$B$5:$B$40,B23)) | R23: =IF(Q23="","",IF(Q23>Settings!$B$5,"Debrief gap","OK"))
C24: =IF(B24="","",IFERROR(INDEX(Candidates!$B$5:$B$44,MATCH(B24,Candidates!$A$5:$A$44,0)),"Not found")) | M24: =IF(COUNT(G24:K24)=0,"",SUMPRODUCT(G24:K24,Settings!$B$12:$F$12)/SUMPRODUCT((G24:K24<>"")*Settings!$B$12:$F$12)) | N24: =IF(OR(E24="",F24=""),"",ROUND((F24-E24)*24,1)) | O24: =IF(N24="","",IF(N24<=Settings!$B$3,"On time","Late")) | P24: =IF(M24="","",IF(M24>=Settings!$B$6,"Strong hire",IF(M24>=Settings!$B$7,"Discuss at debrief","Do not proceed"))) | Q24: =IF(M24="","",_xlfn.MAXIFS($M$5:$M$40,$B$5:$B$40,B24)-_xlfn.MINIFS($M$5:$M$40,$B$5:$B$40,B24)) | R24: =IF(Q24="","",IF(Q24>Settings!$B$5,"Debrief gap","OK"))
C25: =IF(B25="","",IFERROR(INDEX(Candidates!$B$5:$B$44,MATCH(B25,Candidates!$A$5:$A$44,0)),"Not found")) | M25: =IF(COUNT(G25:K25)=0,"",SUMPRODUCT(G25:K25,Settings!$B$12:$F$12)/SUMPRODUCT((G25:K25<>"")*Settings!$B$12:$F$12)) | N25: =IF(OR(E25="",F25=""),"",ROUND((F25-E25)*24,1)) | O25: =IF(N25="","",IF(N25<=Settings!$B$3,"On time","Late")) | P25: =IF(M25="","",IF(M25>=Settings!$B$6,"Strong hire",IF(M25>=Settings!$B$7,"Discuss at debrief","Do not proceed"))) | Q25: =IF(M25="","",_xlfn.MAXIFS($M$5:$M$40,$B$5:$B$40,B25)-_xlfn.MINIFS($M$5:$M$40,$B$5:$B$40,B25)) | R25: =IF(Q25="","",IF(Q25>Settings!$B$5,"Debrief gap","OK"))
C26: =IF(B26="","",IFERROR(INDEX(Candidates!$B$5:$B$44,MATCH(B26,Candidates!$A$5:$A$44,0)),"Not found")) | M26: =IF(COUNT(G26:K26)=0,"",SUMPRODUCT(G26:K26,Settings!$B$12:$F$12)/SUMPRODUCT((G26:K26<>"")*Settings!$B$12:$F$12)) | N26: =IF(OR(E26="",F26=""),"",ROUND((F26-E26)*24,1)) | O26: =IF(N26="","",IF(N26<=Settings!$B$3,"On time","Late")) | P26: =IF(M26="","",IF(M26>=Settings!$B$6,"Strong hire",IF(M26>=Settings!$B$7,"Discuss at debrief","Do not proceed"))) | Q26: =IF(M26="","",_xlfn.MAXIFS($M$5:$M$40,$B$5:$B$40,B26)-_xlfn.MINIFS($M$5:$M$40,$B$5:$B$40,B26)) | R26: =IF(Q26="","",IF(Q26>Settings!$B$5,"Debrief gap","OK"))
... C40: =IF(B40="","",IFERROR(INDEX(Candidates!$B$5:$B$44,MATCH(B40,Candidates!$A$5:$A$44,0)),"Not found")) | M40: =IF(COUNT(G40:K40)=0,"",SUMPRODUCT(G40:K40,Settings!$B$12:$F$12)/SUMPRODUCT((G40:K40<>"")*Settings!$B$12:$F$12)) | N40: =IF(OR(E40="",F40=""),"",ROUND((F40-E40)*24,1)) | O40: =IF(N40="","",IF(N40<=Settings!$B$3,"On time","Late")) | P40: =IF(M40="","",IF(M40>=Settings!$B$6,"Strong hire",IF(M40>=Settings!$B$7,"Discuss at debrief","Do not proceed"))) | Q40: =IF(M40="","",_xlfn.MAXIFS($M$5:$M$40,$B$5:$B$40,B40)-_xlfn.MINIFS($M$5:$M$40,$B$5:$B$40,B40)) | R40: =IF(Q40="","",IF(Q40>Settings!$B$5,"Debrief gap","OK"))

Sheet Hires_Sample
A1: Hires Sample (Week 1 baseline)
A2: Source: 10 past hires from the simulated Week 1 audit (requisitions Jan to May 2025). Illustrative data.
A4: Req ID | B4: Role | C4: Request date | D4: Offer accepted | E4: Days-to-hire | F4: Source | G4: Retained at day 90
A5: H-01 | B5: Marketing Executive | C5: 45669 | D5: 45721 | E5: =D5-C5 -> 52 | F5: LinkedIn | G5: Yes
A6: H-02 | B6: Software Developer | C6: 45683 | D6: 45721 | E6: =D6-C6 -> 38 | F6: Referral | G6: Yes
A7: H-03 | B7: Sales Associate | C7: 45697 | D7: 45744 | E7: =D7-C7 -> 47 | F7: Job board | G7: No
A8: H-04 | B8: Accountant | C8: 45711 | D8: 45752 | E8: =D8-C8 -> 41 | F8: LinkedIn | G8: Yes
A9: H-05 | B9: Operations Analyst | C9: 45718 | D9: 45773 | E9: =D9-C9 -> 55 | F9: Job board | G9: Yes
A10: H-06 | B10: Customer Support Agent | C10: 45732 | D10: 45768 | E10: =D10-C10 -> 36 | F10: Email | G10: No
A11: H-07 | B11: HR Assistant | C11: 45753 | D11: 45802 | E11: =D11-C11 -> 49 | F11: Referral | G11: Yes
A12: H-08 | B12: Graphic Designer | C12: 45767 | D12: 45810 | E12: =D12-C12 -> 43 | F12: LinkedIn | G12: Yes
A13: H-09 | B13: Sales Associate | C13: 45781 | D13: 45814 | E13: =D13-C13 -> 33 | F13: Job board | G13: No
A14: H-10 | B14: Customer Support Agent | C14: 45795 | D14: 45851 | E14: =D14-C14 -> 56 | F14: Email | G14: Yes
A16: Average days-to-hire | E16: =AVERAGE(E5:E14) -> 45
A17: 90-day retention | E17: =COUNTIF(G5:G14,"Yes")/COUNTA(G5:G14) -> 0.7
A18: Hires in sample | E18: =COUNTA(A5:A14) -> 10

Sheet Onboarding
A1: Onboarding Tracker
A2: Day 10 snapshot for the 3 pilot hires (dummy). 5 mandatory LMS modules each. Reminder rule R8 fires on Day 10 if modules are incomplete.
A4: New hire | B4: Role | C4: Start date | D4: Current day | E4: Checklist created | F4: IT access ready Day 1 | G4: LMS enrolled | H4: Modules done | I4: Modules assigned | J4: LMS completion | K4: Reminder (Day 10) | L4: Day 14 status
A5: Mahnoor Tariq | B5: Customer Support Agent | C5: 46314 | D5: 10 | E5: Yes | F5: Yes | G5: Yes | H5: 5 | I5: 5 | J5: =IF(I5=0,"",H5/I5) -> 1 | K5: =IF(AND(D5>=10,H5<I5),"Send reminder","OK") -> OK | L5: =IF(H5>=I5,"Complete",IF(D5>=14,"Overdue","In progress")) -> Complete
A6: Faizan Ahmed | B6: Marketing Executive | C6: 46314 | D6: 10 | E6: Yes | F6: Yes | G6: Yes | H6: 4 | I6: 5 | J6: =IF(I6=0,"",H6/I6) -> 0.8 | K6: =IF(AND(D6>=10,H6<I6),"Send reminder","OK") -> Send reminder | L6: =IF(H6>=I6,"Complete",IF(D6>=14,"Overdue","In progress")) -> In progress
A7: Sana Iqbal | B7: Sales Associate | C7: 46314 | D7: 10 | E7: Yes | F7: Yes | G7: Yes | H7: 5 | I7: 5 | J7: =IF(I7=0,"",H7/I7) -> 1 | K7: =IF(AND(D7>=10,H7<I7),"Send reminder","OK") -> OK | L7: =IF(H7>=I7,"Complete",IF(D7>=14,"Overdue","In progress")) -> Complete
J8: =IF(OR(I8="",I8=0),"",H8/I8) | K8: =IF(A8="","",IF(AND(D8>=10,H8<I8),"Send reminder","OK")) | L8: =IF(A8="","",IF(H8>=I8,"Complete",IF(D8>=14,"Overdue","In progress")))
J9: =IF(OR(I9="",I9=0),"",H9/I9) | K9: =IF(A9="","",IF(AND(D9>=10,H9<I9),"Send reminder","OK")) | L9: =IF(A9="","",IF(H9>=I9,"Complete",IF(D9>=14,"Overdue","In progress")))
J10: =IF(OR(I10="",I10=0),"",H10/I10) | K10: =IF(A10="","",IF(AND(D10>=10,H10<I10),"Send reminder","OK")) | L10: =IF(A10="","",IF(H10>=I10,"Complete",IF(D10>=14,"Overdue","In progress")))
J11: =IF(OR(I11="",I11=0),"",H11/I11) | K11: =IF(A11="","",IF(AND(D11>=10,H11<I11),"Send reminder","OK")) | L11: =IF(A11="","",IF(H11>=I11,"Complete",IF(D11>=14,"Overdue","In progress")))
J12: =IF(OR(I12="",I12=0),"",H12/I12) | K12: =IF(A12="","",IF(AND(D12>=10,H12<I12),"Send reminder","OK")) | L12: =IF(A12="","",IF(H12>=I12,"Complete",IF(D12>=14,"Overdue","In progress")))
J13: =IF(OR(I13="",I13=0),"",H13/I13) | K13: =IF(A13="","",IF(AND(D13>=10,H13<I13),"Send reminder","OK")) | L13: =IF(A13="","",IF(H13>=I13,"Complete",IF(D13>=14,"Overdue","In progress")))
J14: =IF(OR(I14="",I14=0),"",H14/I14) | K14: =IF(A14="","",IF(AND(D14>=10,H14<I14),"Send reminder","OK")) | L14: =IF(A14="","",IF(H14>=I14,"Complete",IF(D14>=14,"Overdue","In progress")))
A16: Average LMS completion | J16: =AVERAGE(J5:J14) -> 0.93333333

Sheet Pilot_Results
A1: Pilot Results (Week 3)
A2: Counts are from the simulated 5-day pilot. P3 first read was 17 of 21 (81.0%) before the working-day formula fix; the corrected 19 of 21 is shown.
A4: ID | B4: Metric | C4: Target | D4: Sample (n) | E4: On target (count) | F4: Result | G4: Met target? | H4: Counts toward SLA total?
A5: P1 | B5: Application acknowledged within 24 hours | C5: 0.95 | D5: 24 | E5: 23 | F5: =IF(D5=0,"",E5/D5) -> 0.95833333 | G5: =IF(F5="","",IF(F5>=C5,"Yes","No")) -> Yes | H5: Yes
A6: P2 | B6: Seeded duplicates flagged | C6: 1 | D6: 3 | E6: 3 | F6: =IF(D6=0,"",E6/D6) -> 1 | G6: =IF(F6="","",IF(F6>=C6,"Yes","No")) -> Yes | H6: No
A7: P3 | B7: Screening within 3 working days | C7: 0.9 | D7: 21 | E7: 19 | F7: =IF(D7=0,"",E7/D7) -> 0.9047619 | G7: =IF(F7="","",IF(F7>=C7,"Yes","No")) -> Yes | H7: Yes
A8: P4 | B8: Scorecards submitted within 24 hours | C8: 0.9 | D8: 10 | E8: 8 | F8: =IF(D8=0,"",E8/D8) -> 0.8 | G8: =IF(F8="","",IF(F8>=C8,"Yes","No")) -> No | H8: Yes
A9: P5 | B9: Scorecards complete (evidence on every criterion) | C9: 0.9 | D9: 10 | E9: 9 | F9: =IF(D9=0,"",E9/D9) -> 0.9 | G9: =IF(F9="","",IF(F9>=C9,"Yes","No")) -> Yes | H9: No
A10: P6 | B10: Decision within 2 working days | C10: 0.9 | D10: 2 | E10: 2 | F10: =IF(D10=0,"",E10/D10) -> 1 | G10: =IF(F10="","",IF(F10>=C10,"Yes","No")) -> Yes | H10: Yes
A11: P7 | B11: Offer sent within 1 working day | C11: 0.9 | D11: 2 | E11: 2 | F11: =IF(D11=0,"",E11/D11) -> 1 | G11: =IF(F11="","",IF(F11>=C11,"Yes","No")) -> Yes | H11: Yes
A12: P8 | B12: Offer signed within 3 working days | C12: 0.8 | D12: 2 | E12: 1 | F12: =IF(D12=0,"",E12/D12) -> 0.5 | G12: =IF(F12="","",IF(F12>=C12,"Yes","No")) -> No | H12: Yes
A13: P9 | B13: IT access ready on Day 1 | C13: 1 | D13: 3 | E13: 3 | F13: =IF(D13=0,"",E13/D13) -> 1 | G13: =IF(F13="","",IF(F13>=C13,"Yes","No")) -> Yes | H13: Yes
A14: P10 | B14: Onboarding checklist created automatically | C14: 1 | D14: 3 | E14: 3 | F14: =IF(D14=0,"",E14/D14) -> 1 | G14: =IF(F14="","",IF(F14>=C14,"Yes","No")) -> Yes | H14: No
A15: P11 | B15: LMS modules completed by Day 5 (interim, module slots) | C15: 0.6 | D15: 15 | E15: 11 | F15: =IF(D15=0,"",E15/D15) -> 0.73333333 | G15: =IF(F15="","",IF(F15>=C15,"Yes","No")) -> Yes | H15: No
A16: P12 | B16: Candidate satisfaction (4 or 5 of 5) | C16: 0.85 | D16: 20 | E16: 17 | F16: =IF(D16=0,"",E16/D16) -> 0.85 | G16: =IF(F16="","",IF(F16>=C16,"Yes","No")) -> Yes | H16: No
A18: Pilot performance score (metrics at target) | F18: =COUNTIF(G5:G16,"Yes")/COUNTA(A5:A16) -> 0.83333333
A19: Pilot goal | F19: 0.8
A20: Goal met? | F20: =IF(F18>=F19,"Yes","No") -> Yes
A21: SLA checkpoints on time | F21: =SUMIF(H5:H16,"Yes",E5:E16) -> 58
A22: SLA checkpoints total | F22: =SUMIF(H5:H16,"Yes",D5:D16) -> 64
A23: Overall SLA compliance | F23: =F21/F22 -> 0.90625
